Clients,Throughput_ops,Median_Latency_us
2,29208.81894950155,63.128
5,44184.381670014795,104.817
10,45397.61844616833,209.99
20,51276.224269873535,377.469
30,47743.24012534353,593.4010000000001
40,50283.46753058514,712.168
50,49565.44128448229,861.5665
