Clients,Throughput_ops,Median_Latency_us
2,7532.406477891309,69.393
5,48060.43712849738,100.961
10,43504.53421960348,199.3075
20,47457.01711061425,401.2785
50,47163.548511085006,880.9255
