Clients,Throughput_ops,Median_Latency_us
2,13093.857297122044,74.5875
5,41834.95690502803,81.197
10,40093.055252851365,174.774
20,47217.879572456266,299.1785
