Clients,Throughput_ops,Median_Latency_us
50,49824.64271100047,885.9694999999999
