Clients,Throughput_ops,Median_Latency_us
2,29604.07259645938,63.301500000000004
5,37441.36420037297,90.412
10,53078.974457362136,181.434
20,50411.8569156155,370.105
40,48758.577481547036,810.788
