Clients,Throughput_ops,Median_Latency_us
2,14499.241288254814,69.967
5,46459.60516925423,103.061
10,35995.18757710398,180.745
20,48523.06435869372,390.6965
